run_id,rotor_id,fault_time,fault_severity
0,0,26369786,0.4058130785671507
0,1,24255255,0.29840943415310167
0,2,21334892,0.43612966100142403
0,3,22096055,0.3745382402908961
1,0,52471677,0.6836928592549367
1,1,52912465,0.3658829666834262
1,2,52072659,0.43281648593062483
1,3,50460000,0.4397167971647888
2,0,81664807,0.29594399477306604
2,1,79189759,0.35011856190719387
2,2,80926544,0.4185963980535737
2,3,81572973,0.3191236434874072
3,0,109716865,0.3261982202976944
3,1,107959321,0.4769857992117772
3,2,109717287,0.6911734378409919
3,3,106236377,0.24832967988275398
4,0,136732805,0.4494170456755057
4,1,134132155,0.5641267771842273
4,2,133874303,0.3833606454311344
4,3,134506615,0.5834638693872154
5,0,301250489,0.386739777341296
5,1,304567314,0.4458169108529694
5,2,303283659,0.2977939253151986
5,3,299351301,0.6743659962552229
6,0,328371163,0.43063139728678923
6,1,330016055,0.2780709241207257
6,2,327951222,0.5639354896786649
6,3,332920730,0.4725826474166703
7,0,360149111,0.24919945733465543
7,1,355948876,0.6013179569454725
7,2,360740973,0.40980990807342765
7,3,357880294,0.3889680528430596
8,0,382530253,0.40883360782884887
8,1,388161681,0.6434435287441349
8,2,386390083,0.46632015711249786
8,3,386656840,0.3150303508911888
9,0,414221427,0.5290796514304644
9,1,415006827,0.24859994819486772
9,2,414212350,0.34105677285128044
9,3,411725486,0.22184105183813005
10,0,460234048,0.5075218709179448
10,1,459135025,0.45601151865456757
10,2,458717919,0.6222569026378922
10,3,460290963,0.4962142497470154
11,0,490906078,0.2400015285986451
11,1,486369025,0.37868278864921356
11,2,491269952,0.2800797396016979
11,3,486189061,0.3975256610457103
12,0,517611431,0.2682231626041351
12,1,517770596,0.4000966721862939
12,2,513513139,0.5011327371509289
12,3,516441959,0.49241215460018295
13,0,543564206,0.5751083986687833
13,1,541659206,0.321989928468825
13,2,541352319,0.2251354664010407
13,3,545029155,0.5330641494543411
14,0,570892570,0.4894698131485862
14,1,569922468,0.5066881140412607
14,2,570941179,0.6077652920019572
14,3,569171898,0.45256953998786487
15,0,605382000,0.5276337031488787
15,1,605464795,0.6477975336000226
15,2,608335458,0.5786384482532192
15,3,606312529,0.2916652299802415
16,0,633685857,0.42325620436277406
16,1,630591497,0.36240940818357914
16,2,631128270,0.25299705469059536
16,3,635807346,0.2496265290287607
17,0,659491324,0.3618460160187358
17,1,659499497,0.35602155092960364
17,2,659336662,0.4968098253148726
17,3,663180083,0.5867431976098808
18,0,687621444,0.33636404105396633
18,1,689871969,0.42716529086008037
18,2,691018986,0.39887097230356655
18,3,689708069,0.49607868128581406
19,0,715706913,0.3503337828421281
19,1,715119049,0.3041988718957403
19,2,714315075,0.43335090085838773
19,3,714828561,0.39277447320048237
20,0,947320409,0.386534786860682
20,1,947145903,0.24844084245433548
20,2,948342402,0.366282785996978
20,3,951064395,0.43118289761360334
21,0,975438297,0.30353777926710257
21,1,973317605,0.4276839694486171
21,2,973115700,0.7135406136299569
21,3,974973184,0.4297956085377696
22,0,1000239853,0.2534450240713504
22,1,999533620,0.28646292443976185
22,2,1004313460,0.47493164189851705
22,3,1002823542,0.5121958386755117
23,0,1031536704,0.5833925171150702
23,1,1028659147,0.3400390984305933
23,2,1030654218,0.5179777955262949
23,3,1027212766,0.7520409217544397
24,0,1055806316,0.5447886841911103
24,1,1056895430,0.32345107203111906
24,2,1054109310,0.35559038639151686
24,3,1056954062,0.589853579062838
25,0,1145777521,0.32016015630034206
25,1,1146285099,0.22586475108518006
25,2,1143961100,0.246144215293692
25,3,1147738575,0.41588282390340536
26,0,1176860410,0.5291212080893015
26,1,1177069492,0.2791123533402866
26,2,1174069407,0.5412478818469795
26,3,1174395380,0.2558042928380199
27,0,1201038702,0.7554061705054018
27,1,1200098399,0.4810870088691338
27,2,1200658237,0.2855301677199784
27,3,1201212784,0.47129379198685506
28,0,1228872728,0.7158963815535953
28,1,1230627114,0.49952332364727453
28,2,1229092632,0.33980898746008203
28,3,1231991040,0.260188144415472
29,0,1260321924,0.4298334292442922
29,1,1257484503,0.40781565411981013
29,2,1256213116,0.46383209152255733
29,3,1258421397,0.7297786613580299
30,0,1293833592,0.5388792524362898
30,1,1293338659,0.6023080190891392
30,2,1295017261,0.40037352489457323
30,3,1294670809,0.46605816898960906
31,0,1324289147,0.3214757322342669
31,1,1324785026,0.39073536373900924
31,2,1326266186,0.5597685091558091
31,3,1322420857,0.35600635633737754
32,0,1353008330,0.42821178999790943
32,1,1354545964,0.45357344225269575
32,2,1352045293,0.40357561682598614
32,3,1350103316,0.2893605457657696
33,0,1378196114,0.3404058323438814
33,1,1381170270,0.7807132781536852
33,2,1380201774,0.2725683491431386
33,3,1380653633,0.5873226548917949
34,0,1407584373,0.45748073735124806
34,1,1407309877,0.6754856060333255
34,2,1407918360,0.5222998771308778
34,3,1408177313,0.4177367347871592
35,0,1456015130,0.4376246921005494
35,1,1456166056,0.26188752472036186
35,2,1451018844,0.5973870385524462
35,3,1452130753,0.43434753666461656
36,0,1482011274,0.4358869508624837
36,1,1479005524,0.4432283276021969
36,2,1481548724,0.6202836235135131
36,3,1482207596,0.36637837064886014
37,0,1511256120,0.2460008536632812
37,1,1509221028,0.3930585516242241
37,2,1507920452,0.4784268613134541
37,3,1509665763,0.30432186610216794
38,0,1538370733,0.26540708660140755
38,1,1535461595,0.4540108056133738
38,2,1536068954,0.5886847934928978
38,3,1535126791,0.5487186126932604
39,0,1566733662,0.29652905251882633
39,1,1565131782,0.4801646620078541
39,2,1563422106,0.4351060385033646
39,3,1567283672,0.526798896707509
40,0,1629892081,0.3950669638027583
40,1,1631478260,0.253411581059954
40,2,1628401125,0.5806403217260561
40,3,1632586395,0.37083839288196635
41,0,1658409135,0.31808488333936047
41,1,1657215535,0.7328149607949135
41,2,1661935659,0.3197813140315336
41,3,1660029561,0.2787217636436359
42,0,1687752682,0.41373092084760654
42,1,1686927821,0.47908716587204864
42,2,1685261645,0.3986851865088151
42,3,1688498494,0.3955309117904313
43,0,1714245700,0.45617539017265324
43,1,1715888761,0.4731797385299535
43,2,1712776461,0.41121698967412024
43,3,1716951075,0.47270607826577254
44,0,1742480720,0.795744324698695
44,1,1741890616,0.36855137113391173
44,2,1745540059,0.258338090017871
44,3,1742896275,0.4426919956698055
45,0,1814123020,0.4607860939190036
45,1,1816675792,0.5401725619086928
45,2,1816203388,0.38139515807203245
45,3,1817205728,0.4589125116157478
46,0,1841844431,0.4250265031189703
46,1,1841102058,0.7377897603171568
46,2,1845119780,0.347527606537802
46,3,1844760564,0.24536354518338
47,0,1873510357,0.5485324425311191
47,1,1874202797,0.4285730714024618
47,2,1869639010,0.37072969094257785
47,3,1873826350,0.3781216578495334
48,0,1899832087,0.3624235958002786
48,1,1896656400,0.40562477897364974
48,2,1901196778,0.4609607160881894
48,3,1899205977,0.3548764608912737
49,0,1929075204,0.30320896903257744
49,1,1928306794,0.3884190087445477
49,2,1924475440,0.4324486467848852
49,3,1925040051,0.24958850790874376
50,0,1999756407,0.33257999917094916
50,1,1999492111,0.5127224965982847
50,2,2003968003,0.42754895127982767
50,3,2003456240,0.29299919850102485
51,0,2031187074,0.808225086991303
51,1,2030121982,0.39764817167466004
51,2,2031747107,0.3211367493371786
51,3,2030382400,0.38694190469467893
52,0,2058277191,0.2893184117550516
52,1,2055620122,0.47350550773875766
52,2,2058163326,0.4601680474719538
52,3,2059315603,0.3343562471389865
53,0,2082034902,0.32879645191955653
53,1,2081843552,0.48955480197550066
53,2,2085491641,0.25053147831056394
53,3,2083062173,0.6017272384991041
54,0,2112200603,0.40938796449048925
54,1,2112954178,0.3991388984197414
54,2,2113004957,0.2676144809069644
54,3,2112850182,0.3557892182207959
55,0,35497617,0.21640585494128758
55,1,36285457,0.3384975054587399
55,2,34445353,0.29356437797587587
55,3,37236672,0.38384475355649794
56,0,66862038,0.3200966733458515
56,1,65801521,0.396887024218401
56,2,68124500,0.5945441372728621
56,3,64408956,0.46270663332686895
57,0,94767404,0.2894153254537911
57,1,94468664,0.5201987327395483
57,2,92221093,0.35792903739411003
57,3,93202574,0.45947942968742866
58,0,119959995,0.5047082120892771
58,1,121836867,0.32682590252710064
58,2,123023465,0.4797077407797852
58,3,121960436,0.27089905554044713
59,0,149006378,0.39817867104588867
59,1,151425594,0.3637840700240002
59,2,151232199,0.23941439942721787
59,3,147812170,0.3796578018274671
60,0,53610330,0.6794485523498515
60,1,55217894,0.4713956407792972
60,2,54141984,0.520497680945386
60,3,51558186,0.6037564589737945
61,0,79222882,0.754137645060577
61,1,83260489,0.41195392426359473
61,2,80417807,0.4119823406990857
61,3,81002935,0.30769224620585484
62,0,107904681,0.4871811612765846
62,1,109928515,0.546421149991246
62,2,113114645,0.26774892056940175
62,3,112875177,0.5273562332824491
63,0,39397689,0.37879927617365317
63,1,37389691,0.836834182200368
63,2,37230841,0.41938241587536984
63,3,33992724,0.6416110551586924
64,0,67935574,0.2551935229325271
64,1,65954799,0.27633165206840377
64,2,64466331,0.5039387431748099
64,3,66803497,0.3516249773170659
65,0,94240971,0.47793948144244275
65,1,92470897,0.5671565396584657
65,2,93802654,0.5716536616103904
65,3,95480619,0.2944299381665455
66,0,122066080,0.43777734223413733
66,1,122885566,0.32843121479086673
66,2,122401709,0.4562612357158708
66,3,121108321,0.40114068498899197
67,0,152954265,0.6008903173717492
67,1,150120897,0.32593373998459463
67,2,151290403,0.5392216955700712
67,3,153290544,0.39970053704069747
68,0,251788658,0.3496871597652173
68,1,250850240,0.4241554963083267
68,2,249869768,0.44152757195156156
68,3,249682287,0.4947020002074727
69,0,279803198,0.3623580628872735
69,1,276805939,0.4233576554470593
69,2,277332848,0.33107494720679004
69,3,277941376,0.5977310788927266
70,0,310079545,0.24740067411760697
70,1,307261152,0.3553924823496556
70,2,309538777,0.5070033297891077
70,3,304664886,0.249019137857787
71,0,337352144,0.4433533926677453
71,1,335686205,0.28813352473565
71,2,335092963,0.46476752678512656
71,3,333955949,0.35849329219424797
72,0,360544563,0.37478428822188237
72,1,363253579,0.4169363621014756
72,2,360852302,0.2733389875769205
72,3,363383421,0.34338456896864045
73,0,424705142,0.3922800632706821
73,1,427963894,0.44317252901597426
73,2,422439787,0.4585417064232853
73,3,422954615,0.3272017681075807
74,0,453017809,0.4884941894410007
74,1,450487044,0.46065394206255483
74,2,452814308,0.36903664845469275
74,3,452438941,0.47425012462494764
75,0,481012474,0.3647326011109865
75,1,480713684,0.6256078227848505
75,2,483137315,0.5048658435376864
75,3,480913776,0.3894150145934448
76,0,511152697,0.3482576254210049
76,1,508841969,0.3502284114038196
76,2,512013319,0.3273847241347314
76,3,511618308,0.4219184164589912
77,0,539763685,0.6667088697368684
77,1,540320153,0.4661229647723616
77,2,539752101,0.5821140040819153
77,3,535729146,0.6056093104794168
78,0,622727566,0.4516757480026832
78,1,619662847,0.4327373889568624
78,2,620282070,0.2942239255414282
78,3,622378529,0.36549685111511254
79,0,650474102,0.42687606146670937
79,1,650255985,0.23263971512771514
79,2,648927299,0.6595893856528012
79,3,652406105,0.48227426834130865
80,0,675461404,0.3679503656405554
80,1,678317227,0.36085254601587297
80,2,677078039,0.46095551868236084
80,3,679922095,0.4196971887273391
81,0,707787577,0.6767295866451373
81,1,708117685,0.469961143178226
81,2,706280764,0.31278778438698013
81,3,703986783,0.5943050758030524
82,0,736079954,0.25794870468226005
82,1,731709432,0.35281439752748905
82,2,731206500,0.2517117844549811
82,3,730583898,0.27098917646023696
83,0,846475324,0.22016090837868008
83,1,841477045,0.34360983707204756
83,2,842735963,0.5802692797092672
83,3,846869611,0.38308124508489977
84,0,870748179,0.28436905968666426
84,1,873269583,0.32317849403053023
84,2,872415973,0.5984621684242252
84,3,874304125,0.5854018002758662
85,0,900254321,0.49915403470811814
85,1,902898381,0.3775622741966561
85,2,902325035,0.5438151112379893
85,3,899671943,0.44868054365047355
86,0,929552993,0.38225866929203056
86,1,928271225,0.5457586488235799
86,2,927655838,0.35988454673667447
86,3,926451704,0.4568637828828219
87,0,955268021,0.45663539421424354
87,1,954492074,0.45797407445874694
87,2,957914043,0.25239302546387254
87,3,954752198,0.36710638284512664
88,0,1016452399,0.3959000334789319
88,1,1020776339,0.280127188631339
88,2,1016272873,0.5564870077408046
88,3,1020151389,0.5518718346415106
89,0,1046948251,0.5410323847273069
89,1,1048161670,0.658149206701939
89,2,1049303217,0.49756872595117163
89,3,1046140064,0.4371402390828718
90,0,1075954263,0.7925848055193676
90,1,1072610682,0.38579135152856536
90,2,1071457939,0.40220742520231034
90,3,1075574569,0.44654861919623523
91,0,1102974008,0.30427553146696806
91,1,1099585957,0.28709736517730483
91,2,1103579523,0.2672376522694554
91,3,1103548064,0.3339554409203531
92,0,1128342165,0.4221647094326746
92,1,1130980227,0.5734866337476381
92,2,1132956492,0.5263993148750572
92,3,1130479009,0.5044250639405278
93,0,1194358048,0.34659337381287975
93,1,1193178779,0.7046848645346198
93,2,1196120179,0.3546650390301537
93,3,1195522248,0.4449938269872424
94,0,1222605199,0.28099128404455864
94,1,1220544766,0.39217822238682387
94,2,1220757442,0.3885681849303245
94,3,1219596879,0.4032751983031184
95,0,1248040701,0.46560013244766135
95,1,1249964607,0.4855697345877015
95,2,1248003440,0.28494293722915065
95,3,1249955661,0.46104214393724857
96,0,1275329315,0.34217333479242623
96,1,1276243271,0.5653957058530596
96,2,1276749954,0.37648896274331567
96,3,1275947892,0.6425462242445086
97,0,1307237125,0.4839772625937213
97,1,1306275100,0.2587130291112665
97,2,1307503898,0.499741790318816
97,3,1307838501,0.4947476407218341
98,0,1356441743,0.5047580842558803
98,1,1356812035,0.5793068092194799
98,2,1360485763,0.4834535668368597
98,3,1356515604,0.6061538102129038
99,0,1385214719,0.5732361177911449
99,1,1389988027,0.45459318216789457
99,2,1389018617,0.7219536883526783
99,3,1387097902,0.5450700902284198
100,0,1412697545,0.5845886612996322
100,1,1415060650,0.2552604536696997
100,2,1418252806,0.33214014836659156
100,3,1413571860,0.3030713378537139
101,0,1444830693,0.4411668028161821
101,1,1444414752,0.39766673390705065
101,2,1441634613,0.29279167260265865
101,3,1442472192,0.3609623079136084
102,0,1471686554,0.43334536358255804
102,1,1471123916,0.3784522090679573
102,2,1473582710,0.2669438308991071
102,3,1469993470,0.32276640992636746
103,0,1532222713,0.3795158390125882
103,1,1532180466,0.5994705029271479
103,2,1526508463,0.4650871625050586
103,3,1528409844,0.4499653247757729
104,0,1556024161,0.30313122533771425
104,1,1554533412,0.26938057023493805
104,2,1557249528,0.7664174715066052
104,3,1554498165,0.3701257659174044
105,0,1584864034,0.4557392270373626
105,1,1585470233,0.7450532995049008
105,2,1585534807,0.5485071170242672
105,3,1584912864,0.42431116265741514
106,0,1614827130,0.3200730943746677
106,1,1614347396,0.4719970846227864
106,2,1611384012,0.2803065839156463
106,3,1613522470,0.5037839696465507
107,0,1643401745,0.41561448872486983
107,1,1642522353,0.5574160253636569
107,2,1642180274,0.4933426374637395
107,3,1640820838,0.2888384818938249
108,0,1730726879,0.5033839688669381
108,1,1727515898,0.4830072111193185
108,2,1729711663,0.3345361323163819
108,3,1731484865,0.5474787007794062
109,0,1755674117,0.26985001618948634
109,1,1756431328,0.4674391389536299
109,2,1760613853,0.30082431968602974
109,3,1759546263,0.413388678243612
110,0,1783827108,0.4702642685057469
110,1,1789277237,0.36513434536477685
110,2,1788751969,0.38536518955997356
110,3,1785390750,0.3290353413128476
111,0,1815756045,0.3850978238018974
111,1,1814603254,0.5038288457425828
111,2,1813105932,0.5073202182395804
111,3,1814630503,0.28421004643946135
112,0,1839803366,0.2755798412040238
112,1,1843017660,0.5956319355540665
112,2,1842712995,0.4481432320491483
112,3,1843335103,0.46324485867931475
113,0,1883346558,0.29029828577961536
113,1,1879380717,0.5231228943355868
113,2,1883315537,0.4573365434797972
113,3,1879012492,0.49696496927838274
114,0,1907647030,0.4348025005555603
114,1,1907950201,0.31759820368534286
114,2,1908729156,0.4331654610352642
114,3,1907227205,0.48088015686182667
115,0,1934725169,0.280381296172693
115,1,1934759657,0.3461774031602428
115,2,1937951605,0.3257613338541788
115,3,1937063137,0.31344906959036306
116,0,1965560128,0.3485607548441343
116,1,1966830772,0.41131912890432315
116,2,1963831465,0.45464640735921213
116,3,1966897285,0.6026836171075668
117,0,40238844,0.5003669386539562
117,1,36476632,0.33124005254616307
117,2,40550640,0.4490564631320133
117,3,36204416,0.5514703861797292
118,0,32240062,0.6022680546331358
118,1,33998535,0.33743246169678975
118,2,32428159,0.3926470716290662
118,3,36090673,0.2547176940797653
119,0,61024625,0.28079797985093674
119,1,59588609,0.3186871514592936
119,2,60086769,0.42775499099070974
119,3,58507019,0.42488601226099143
120,0,87831534,0.23634888154040712
120,1,91121067,0.6146359336114582
120,2,91412473,0.5172818856879543
120,3,88337275,0.7474124166726968
121,0,116461686,0.2732653603207087
121,1,119906719,0.2937148869393187
121,2,119220030,0.3719362680047437
121,3,119817490,0.43310582538094056
122,0,148789253,0.5795929749521457
122,1,145365106,0.34217182538350016
122,2,143969310,0.27588862514866225
122,3,148574458,0.31576521785308936
123,0,276065087,0.504182003311235
123,1,276814571,0.3394914118218473
123,2,279000187,0.2709516278619537
123,3,278649237,0.6369711525450619
124,0,308320084,0.3201805819106883
124,1,307024929,0.4339461061445187
124,2,304708633,0.3050330227950108
124,3,303924989,0.45349549922889415
125,0,334699098,0.5150082557949396
125,1,332208448,0.49347879648548676
125,2,332223148,0.38289464253545985
125,3,335920103,0.3786880004610315
126,0,361084275,0.2923024442343268
126,1,359959534,0.3129052773000377
126,2,364592174,0.3867105594513979
126,3,364685619,0.3477624975666397
127,0,393271647,0.5134753132614562
127,1,389382398,0.7243560050931428
127,2,392105524,0.7218980361115737
127,3,392155027,0.5256869998000429
128,0,431885083,0.23734924026961823
128,1,431009472,0.48017075895460243
128,2,432210421,0.4961258775787143
128,3,428575709,0.7250648879126798
129,0,460310417,0.5255387831731377
129,1,459691221,0.7177747041990528
129,2,459365800,0.8001174946255796
129,3,459006326,0.6501388458166759
130,0,31369296,0.46799160926932937
130,1,29377906,0.30489447612879206
130,2,27143241,0.39513818985373517
130,3,28419520,0.28646368283157425
131,0,58094842,0.3778865509375888
131,1,58045146,0.417043167902462
131,2,57372701,0.5516428812230545
131,3,56759250,0.5613982855907846
132,0,84309163,0.4188562172727528
132,1,87048399,0.4193648614052385
132,2,87191196,0.33535432208635846
132,3,86640466,0.49769894729932906
133,0,115008271,0.44822479377630453
133,1,112039520,0.2891731738458611
133,2,113628972,0.8570647869627213
133,3,114349407,0.3540534307397774
134,0,141412698,0.31992617253030226
134,1,141516016,0.5154453469404674
134,2,142777672,0.4157435238169841
134,3,139353134,0.5070182617333134
135,0,184891912,0.6366890749931631
135,1,184133553,0.40733848581849325
135,2,186675643,0.41017441826220435
135,3,188491371,0.40233896983276135
136,0,216895097,0.2854996207295237
136,1,217092956,0.5172730764862336
136,2,212302028,0.32158318036108496
136,3,212303996,0.532683474726511
137,0,242023143,0.6267938671493407
137,1,244491273,0.7383127640168088
137,2,239521797,0.779181773565403
137,3,241476832,0.3604973415679172
138,0,24062258,0.2904388897509207
138,1,22613171,0.4561005150716663
138,2,18611896,0.5516243547977946
138,3,23041120,0.7800776862233649
139,0,52267818,0.47479767493872793
139,1,50771141,0.36402515998671553
139,2,51992971,0.3790902733630759
139,3,48396197,0.6037008819524323
140,0,75964305,0.6745926567080347
140,1,75951556,0.4258405990560562
140,2,78587668,0.3928541464128876
140,3,77437278,0.5222012644585651
141,0,107278838,0.29103507733029815
141,1,103835406,0.2626275491655347
141,2,102798224,0.28201024339653724
141,3,102810976,0.42436646554186147
142,0,135058046,0.2391923305241396
142,1,136077641,0.2856460212752571
142,2,133325200,0.5825656922859211
142,3,133255580,0.4261371697049764
143,0,211512112,0.27008607257189876
143,1,209817958,0.4650950360329586
143,2,209623247,0.3737688603739544
143,3,213566517,0.6054379453608965
144,0,239610946,0.7044358875424179
144,1,236644498,0.4014119431568185
144,2,239183313,0.30431399247402535
144,3,241583858,0.308373839676297
145,0,267076507,0.417811607050235
145,1,267839214,0.26654282702877574
145,2,268634178,0.3859902751721884
145,3,265164348,0.2655802665674108
146,0,297625005,0.42027100302639964
146,1,297056823,0.5550462006368191
146,2,292549115,0.37234010598217715
146,3,296764393,0.6017215816243544
147,0,322795188,0.39396429885567624
147,1,325487901,0.49660412643984986
147,2,321094432,0.34590951275548926
147,3,323712841,0.3498093639450735
148,0,408069443,0.5524603226503393
148,1,410512177,0.3633934548319682
148,2,411050558,0.3477320172296269
148,3,407122819,0.39122345714350254
149,0,436216366,0.5859948155675119
149,1,438433243,0.4914484917818175
149,2,439429447,0.29263860205412634
149,3,437352204,0.5011102243156885
150,0,467210687,0.4431071853379345
150,1,466598083,0.5917487220029238
150,2,463616863,0.585472711695327
150,3,467529947,0.4004005510409359
151,0,492764330,0.2491433642235366
151,1,490459757,0.6423461026461924
151,2,491946716,0.2712024218675962
151,3,490740777,0.25424144991960307
152,0,521414059,0.3127185281637424
152,1,519690914,0.24020644045112002
152,2,520171157,0.45869625117626367
152,3,518677094,0.4246358773396152
153,0,32115645,0.24428961168625402
153,1,27001976,0.3079286864506216
153,2,31991886,0.29739569138049415
153,3,29975787,0.26196425241115784
154,0,56961197,0.3481769085166275
154,1,56753714,0.5123769805654614
154,2,59830699,0.4255759023608166
154,3,60283923,0.564953455749402
155,0,87558090,0.40678940858573515
155,1,88580957,0.6372237011302295
155,2,88135748,0.2676807149192746
155,3,85485411,0.3523150637336533
156,0,113163085,0.5914496772850035
156,1,115826968,0.6204559078549177
156,2,111890951,0.40119901349951753
156,3,117165511,0.2606085895006497
157,0,142938479,0.3729829649853277
157,1,146043061,0.35248384685629736
157,2,146269181,0.334521977291512
157,3,141910448,0.2663581392141947
158,0,179644339,0.614734222084248
158,1,182049746,0.5481379429579769
158,2,179804075,0.49047412781693145
158,3,176495207,0.31228796111285806
159,0,204916868,0.2867686388972921
159,1,209804391,0.4568172052791075
159,2,204629741,0.5173304537210619
159,3,208358679,0.33228625264827705
160,0,238124825,0.3572161569474673
160,1,238197993,0.4923247236124495
160,2,235920169,0.38171584087916144
160,3,234303669,0.4699186224191749
161,0,265233118,0.6625276754521616
161,1,263157392,0.5422124313036284
161,2,264736243,0.34266054617469155
161,3,265459601,0.27462409827263673
162,0,294299624,0.33787562945160254
162,1,294145028,0.5698520373848908
162,2,291392897,0.2570406922578602
162,3,291898281,0.3830472867970195
163,0,349035943,0.260856831786934
163,1,345021552,0.24203928230898597
163,2,346006342,0.4869827568756163
163,3,349458098,0.49583669750862125
164,0,374374293,0.5891338457696561
164,1,376534116,0.4182123209163039
164,2,377494267,0.4511294224825171
164,3,379394787,0.6756036267906833
165,0,26362032,0.5424825144445904
165,1,24572099,0.571831383121036
165,2,26205154,0.65444859506124
165,3,23505308,0.44359432846438895
166,0,53108963,0.3057421513591864
166,1,51741767,0.4822548537442907
166,2,57185739,0.4153495608638027
166,3,51882321,0.27178874363545796
167,0,79854169,0.3833386504780878
167,1,83297766,0.3394553863105705
167,2,84532538,0.531284555890847
167,3,82018616,0.2146520276511147
168,0,109593860,0.438983238442032
168,1,108435814,0.5433475908390288
168,2,111749784,0.22545828278839497
168,3,109774675,0.4588574095704394
169,0,20947455,0.3476333829449339
169,1,21389933,0.466835636942677
169,2,25575205,0.47355025108191207
169,3,23225421,0.36284551583374147
170,0,49172513,0.3302688555284188
170,1,51911684,0.5390961599543319
170,2,51973183,0.5861056581473638
170,3,48734342,0.43200612649333586
171,0,77985971,0.7993373090976086
171,1,80422760,0.533606555777409
171,2,76872300,0.37332482239975384
171,3,78699452,0.31215646557227306
172,0,109938344,0.5142774688434553
172,1,110547946,0.3444315078445057
172,2,111299207,0.3021348902383065
172,3,108577554,0.34991777912634103
173,0,135368249,0.3934247414357071
173,1,135902372,0.28788770976628386
173,2,137044259,0.4773265838839893
173,3,138721504,0.46056948695202315
174,0,171408699,0.289323784036954
174,1,171024963,0.3456390287614594
174,2,173761165,0.4920767322079221
174,3,169656852,0.4772333708243226
175,0,22306282,0.6320403360525704
175,1,25081831,0.4550215197601351
175,2,21662318,0.2749777092954943
175,3,25292048,0.5676936104441976
176,0,49385041,0.3989196787092808
176,1,53591176,0.4816052984665805
176,2,52060765,0.44170130293097937
176,3,52360355,0.4290494120424147
177,0,80906224,0.40647972575736635
177,1,80757246,0.3587279341050461
177,2,76636761,0.300166408093308
177,3,77353382,0.27592677799795406
178,0,107201145,0.46563225903555283
178,1,105959165,0.5108413441544675
178,2,105974980,0.38776747954536306
178,3,109432957,0.2614162414170502
179,0,136367772,0.31714341826666176
179,1,134595418,0.48518281975867406
179,2,132483421,0.49425905665133657
179,3,132776888,0.3563042519166719
180,0,168228185,0.33123028636104057
180,1,171790715,0.5309322486986098
180,2,172537982,0.6766773221746643
180,3,172430149,0.26937688437703716
181,0,200525828,0.3061213021552408
181,1,195980714,0.4556349954133065
181,2,196350617,0.2666624895715372
181,3,199379774,0.47155435499955667
182,0,226460162,0.4260691467841445
182,1,227313279,0.6664615764873798
182,2,226409641,0.6045568251306325
182,3,226135599,0.2459817753121673
183,0,255909239,0.5652679797012103
183,1,254413339,0.3448131710190465
183,2,254519689,0.3849051596804396
183,3,252098015,0.7168475520582889
184,0,280805736,0.6807945622463105
184,1,282765635,0.4777375729075712
184,2,283728880,0.26957214450691847
184,3,284327107,0.6485607538858453
185,0,317211190,0.5927929804809869
185,1,315128660,0.3485306997241847
185,2,319127946,0.24581656446750477
185,3,317405157,0.4859459657698527
186,0,345551225,0.3750952300624375
186,1,348213263,0.4743608372752556
186,2,347981137,0.26434327318913087
186,3,343579522,0.3397044321604338
187,0,376110575,0.30702743686835576
187,1,374599205,0.5152528292861811
187,2,373927628,0.3066733970445982
187,3,371962729,0.23394917466489384
188,0,400476949,0.29789456788527835
188,1,402548276,0.4135989520028368
188,2,403641706,0.2822974456776727
188,3,402173908,0.36116263508259805
189,0,432183375,0.5965065419274698
189,1,432809581,0.7565288744127865
189,2,431246815,0.40779421088691326
189,3,429891586,0.32900616048734743
190,0,470265309,0.3241435294213268
190,1,464895732,0.4391327775393509
190,2,464430234,0.5411283054759959
190,3,467896362,0.37031045466749823
191,0,494136634,0.43059250599835674
191,1,496100020,0.3268677820947266
191,2,498050130,0.226389990388839
191,3,497442476,0.42541138082471064
192,0,522980546,0.5318294489172406
192,1,522780229,0.3560724758809854
192,2,524886813,0.48930567271852315
192,3,523269582,0.38136940410944997
193,0,551617427,0.31305802059701976
193,1,551480969,0.2748383358268953
193,2,552382268,0.7133213297050023
193,3,550945642,0.23323494736022846
194,0,1071902091,0.4941692353595184
194,1,1074713153,0.35906757019487123
194,2,1071774688,0.340064405138095
194,3,1071525905,0.2494373330153891
195,0,1106135998,0.31176409840561603
195,1,1101716105,0.27640984759644094
195,2,1100780919,0.299685325013094
195,3,1105058258,0.4933712704697936
196,0,1131283431,0.24785321771547938
196,1,1129429922,0.3169201392558216
196,2,1131316138,0.5134350289059487
196,3,1129922005,0.5393476744446654
197,0,1161411904,0.5006042973179696
197,1,1162861985,0.3737075947915973
197,2,1161176870,0.2578325944956058
197,3,1160781053,0.3639476406152615
198,0,1186165350,0.4654907840819926
198,1,1189300527,0.48486334941830195
198,2,1187974744,0.27650755094734364
198,3,1188561671,0.3559987914408927
